-- phpMyAdmin SQL Dump
-- version 5.0.2
-- https://www.phpmyadmin.net/
--
-- Host: localhost:3306
-- Generation Time: Sep 20, 2020 at 08:56 AM
-- Server version: 8.0.20
-- PHP Version: 7.4.8

SET SQL_MODE = "NO_AUTO_VALUE_ON_ZERO";
START TRANSACTION;
SET time_zone = "+00:00";


/*!40101 SET @OLD_CHARACTER_SET_CLIENT=@@CHARACTER_SET_CLIENT */;
/*!40101 SET @OLD_CHARACTER_SET_RESULTS=@@CHARACTER_SET_RESULTS */;
/*!40101 SET @OLD_COLLATION_CONNECTION=@@COLLATION_CONNECTION */;
/*!40101 SET NAMES utf8mb4 */;

--
-- Database: `accounts_db`
--

-- --------------------------------------------------------

--
-- Table structure for table `assets`
--

CREATE TABLE `assets` (
  `id` bigint UNSIGNED NOT NULL,
  `assets_name` varchar(255) COLLATE utf8mb4_unicode_ci NOT NULL,
  `opening_balance` decimal(8,2) NOT NULL DEFAULT '0.00',
  `created_at` timestamp NULL DEFAULT NULL,
  `updated_at` timestamp NULL DEFAULT NULL
) ENGINE=InnoDB DEFAULT CHARSET=utf8mb4 COLLATE=utf8mb4_unicode_ci;

--
-- Dumping data for table `assets`
--

INSERT INTO `assets` (`id`, `assets_name`, `opening_balance`, `created_at`, `updated_at`) VALUES
(1, 'Cash', '0.00', '2020-09-19 09:02:34', '2020-09-19 09:02:34'),
(2, 'Bank', '0.00', '2020-09-19 09:02:34', '2020-09-19 09:02:34');

-- --------------------------------------------------------

--
-- Table structure for table `custom_vouchers`
--

CREATE TABLE `custom_vouchers` (
  `id` bigint UNSIGNED NOT NULL,
  `voucher_name` varchar(100) COLLATE utf8mb4_unicode_ci NOT NULL,
  `last_counter` bigint NOT NULL DEFAULT '1',
  `accounting_year` int NOT NULL,
  `prefix` varchar(255) COLLATE utf8mb4_unicode_ci DEFAULT NULL,
  `suffix` varchar(255) COLLATE utf8mb4_unicode_ci DEFAULT NULL,
  `delimiter` varchar(255) COLLATE utf8mb4_unicode_ci NOT NULL DEFAULT '/',
  `created_at` timestamp NULL DEFAULT NULL,
  `updated_at` timestamp NULL DEFAULT NULL
) ENGINE=InnoDB DEFAULT CHARSET=utf8mb4 COLLATE=utf8mb4_unicode_ci;

--
-- Dumping data for table `custom_vouchers`
--

INSERT INTO `custom_vouchers` (`id`, `voucher_name`, `last_counter`, `accounting_year`, `prefix`, `suffix`, `delimiter`, `created_at`, `updated_at`) VALUES
(1, 'Income', 64, 2021, 'INC', NULL, '-', '2020-09-19 09:06:36', '2020-09-19 12:20:23'),
(2, 'Income', 21, 1920, 'INC', NULL, '-', '2020-09-19 09:10:29', '2020-09-19 11:40:43'),
(3, 'Income', 5, 7071, 'INC', NULL, '-', '2020-09-19 09:11:47', '2020-09-19 09:13:59'),
(4, 'Expenditure', 47, 2021, 'EXP', NULL, '-', '2020-09-20 00:25:12', '2020-09-20 03:25:29'),
(5, 'Expenditure', 47, 1920, 'EXP', NULL, '-', '2020-09-20 00:31:27', '2020-09-20 03:24:55'),
(6, 'Expenditure', 5, 1819, 'EXP', NULL, '-', '2020-09-20 02:37:42', '2020-09-20 03:15:15'),
(7, 'Expenditure', 1, 910, 'EXP', NULL, '-', '2020-09-20 02:38:39', '2020-09-20 02:38:39');

-- --------------------------------------------------------

--
-- Table structure for table `failed_jobs`
--

CREATE TABLE `failed_jobs` (
  `id` bigint UNSIGNED NOT NULL,
  `connection` text COLLATE utf8mb4_unicode_ci NOT NULL,
  `queue` text COLLATE utf8mb4_unicode_ci NOT NULL,
  `payload` longtext COLLATE utf8mb4_unicode_ci NOT NULL,
  `exception` longtext COLLATE utf8mb4_unicode_ci NOT NULL,
  `failed_at` timestamp NOT NULL DEFAULT CURRENT_TIMESTAMP
) ENGINE=InnoDB DEFAULT CHARSET=utf8mb4 COLLATE=utf8mb4_unicode_ci;

-- --------------------------------------------------------

--
-- Table structure for table `ledgers`
--

CREATE TABLE `ledgers` (
  `id` bigint UNSIGNED NOT NULL,
  `ledger_type_id` bigint UNSIGNED NOT NULL,
  `ledger_name` varchar(255) COLLATE utf8mb4_unicode_ci NOT NULL,
  `inforce` tinyint NOT NULL DEFAULT '1',
  `created_at` timestamp NULL DEFAULT NULL,
  `updated_at` timestamp NULL DEFAULT NULL
) ENGINE=InnoDB DEFAULT CHARSET=utf8mb4 COLLATE=utf8mb4_unicode_ci;

--
-- Dumping data for table `ledgers`
--

INSERT INTO `ledgers` (`id`, `ledger_type_id`, `ledger_name`, `inforce`, `created_at`, `updated_at`) VALUES
(1, 1, 'Received from Owner', 1, '2020-09-19 09:02:34', '2020-09-19 09:02:34'),
(2, 1, 'Received LC', 1, '2020-09-19 09:02:34', '2020-09-19 09:02:34'),
(3, 1, 'Misc. Received', 1, '2020-09-19 09:02:34', '2020-09-19 09:02:34'),
(4, 2, 'Withdraw by Owner', 1, '2020-09-19 09:02:34', '2020-09-19 09:02:34'),
(5, 2, 'Electricity', 1, '2020-09-19 09:02:34', '2020-09-19 09:02:34'),
(6, 2, 'Municipal Tax', 1, '2020-09-19 09:02:34', '2020-09-19 09:02:34'),
(7, 2, 'Misc. Expenditure', 1, '2020-09-19 09:02:34', '2020-09-19 09:02:34'),
(8, 2, 'Saraswati Puja Expenditure', 1, '2020-09-19 09:02:34', '2020-09-19 09:02:34'),
(9, 2, 'Biswakarma Puja Expenditure', 1, '2020-09-19 09:02:34', '2020-09-19 09:02:34'),
(10, 2, 'Others Puja Expenditure', 1, '2020-09-19 09:02:34', '2020-09-19 09:02:34');

-- --------------------------------------------------------

--
-- Table structure for table `ledger_types`
--

CREATE TABLE `ledger_types` (
  `id` bigint UNSIGNED NOT NULL,
  `ledger_type_name` varchar(255) COLLATE utf8mb4_unicode_ci NOT NULL,
  `value` int NOT NULL,
  `created_at` timestamp NULL DEFAULT NULL,
  `updated_at` timestamp NULL DEFAULT NULL
) ENGINE=InnoDB DEFAULT CHARSET=utf8mb4 COLLATE=utf8mb4_unicode_ci;

--
-- Dumping data for table `ledger_types`
--

INSERT INTO `ledger_types` (`id`, `ledger_type_name`, `value`, `created_at`, `updated_at`) VALUES
(1, 'Income', 1, '2020-09-19 09:02:33', '2020-09-19 09:02:33'),
(2, 'Expenditure', -1, '2020-09-19 09:02:34', '2020-09-19 09:02:34');

-- --------------------------------------------------------

--
-- Table structure for table `migrations`
--

CREATE TABLE `migrations` (
  `id` int UNSIGNED NOT NULL,
  `migration` varchar(255) COLLATE utf8mb4_unicode_ci NOT NULL,
  `batch` int NOT NULL
) ENGINE=InnoDB DEFAULT CHARSET=utf8mb4 COLLATE=utf8mb4_unicode_ci;

--
-- Dumping data for table `migrations`
--

INSERT INTO `migrations` (`id`, `migration`, `batch`) VALUES
(1, '2019_08_19_000000_create_failed_jobs_table', 1),
(2, '2020_04_29_175532_create_person_types_table', 1),
(3, '2020_04_29_185531_create_users_table', 1),
(4, '2020_09_16_180151_create_ledger_types_table', 1),
(5, '2020_09_16_180356_create_ledgers_table', 1),
(6, '2020_09_16_180932_create_assets_table', 1),
(7, '2020_09_16_181030_create_vouchers_table', 1),
(8, '2020_09_16_181047_create_transactions_table', 1),
(9, '2020_09_18_140801_create_custom_vouchers_table', 1);

-- --------------------------------------------------------

--
-- Table structure for table `person_types`
--

CREATE TABLE `person_types` (
  `id` bigint UNSIGNED NOT NULL,
  `person_type_name` varchar(255) COLLATE utf8mb4_unicode_ci NOT NULL,
  `inforced` tinyint NOT NULL DEFAULT '1',
  `created_at` timestamp NULL DEFAULT NULL,
  `updated_at` timestamp NULL DEFAULT NULL
) ENGINE=InnoDB DEFAULT CHARSET=utf8mb4 COLLATE=utf8mb4_unicode_ci;

--
-- Dumping data for table `person_types`
--

INSERT INTO `person_types` (`id`, `person_type_name`, `inforced`, `created_at`, `updated_at`) VALUES
(1, 'Owner', 1, '2020-09-19 09:02:33', '2020-09-19 09:02:33'),
(2, 'Manager', 1, '2020-09-19 09:02:33', '2020-09-19 09:02:33'),
(3, 'Manager Workshop', 1, '2020-09-19 09:02:33', '2020-09-19 09:02:33'),
(4, 'Manager Sales', 1, '2020-09-19 09:02:33', '2020-09-19 09:02:33'),
(5, 'Manager Accounts', 1, '2020-09-19 09:02:33', '2020-09-19 09:02:33'),
(6, 'Office Staff', 1, '2020-09-19 09:02:33', '2020-09-19 09:02:33'),
(7, 'Agent', 1, '2020-09-19 09:02:33', '2020-09-19 09:02:33'),
(8, 'Worker', 1, '2020-09-19 09:02:33', '2020-09-19 09:02:33'),
(9, 'Developer', 1, '2020-09-19 09:02:33', '2020-09-19 09:02:33'),
(10, 'Customer', 1, '2020-09-19 09:02:33', '2020-09-19 09:02:33'),
(11, 'Karigarh', 1, '2020-09-19 09:02:33', '2020-09-19 09:02:33');

-- --------------------------------------------------------

--
-- Table structure for table `transactions`
--

CREATE TABLE `transactions` (
  `id` bigint UNSIGNED NOT NULL,
  `transaction_date` date NOT NULL,
  `transaction_number` varchar(20) COLLATE utf8mb4_unicode_ci NOT NULL,
  `ledger_id` bigint UNSIGNED NOT NULL,
  `asset_id` bigint UNSIGNED NOT NULL,
  `voucher_id` bigint UNSIGNED NOT NULL,
  `voucher_number` varchar(255) COLLATE utf8mb4_unicode_ci DEFAULT NULL,
  `particulars` varchar(255) COLLATE utf8mb4_unicode_ci DEFAULT NULL,
  `user_id` bigint UNSIGNED NOT NULL,
  `amount` decimal(8,2) NOT NULL,
  `created_at` timestamp NULL DEFAULT NULL,
  `updated_at` timestamp NULL DEFAULT NULL
) ENGINE=InnoDB DEFAULT CHARSET=utf8mb4 COLLATE=utf8mb4_unicode_ci;

--
-- Dumping data for table `transactions`
--

INSERT INTO `transactions` (`id`, `transaction_date`, `transaction_number`, `ledger_id`, `asset_id`, `voucher_id`, `voucher_number`, `particulars`, `user_id`, `amount`, `created_at`, `updated_at`) VALUES
(1, '2020-09-19', 'INC-000001-2021', 1, 1, 1, '45ritz', NULL, 1, '1000.00', '2020-09-19 09:06:36', '2020-09-19 09:06:36'),
(2, '2020-09-19', 'INC-000002-2021', 2, 2, 1, '45ritz', NULL, 1, '7000.00', '2020-09-19 09:06:55', '2020-09-19 09:06:55'),
(3, '2020-09-19', 'INC-000003-2021', 3, 1, 1, '4509', NULL, 1, '800.00', '2020-09-19 09:07:28', '2020-09-19 09:07:28'),
(4, '2020-09-19', 'INC-000004-2021', 1, 2, 1, '4509', NULL, 1, '688.00', '2020-09-19 09:07:46', '2020-09-19 09:07:46'),
(5, '2020-09-19', 'INC-000005-2021', 2, 2, 1, '4509', NULL, 1, '700.80', '2020-09-19 09:08:05', '2020-09-19 09:08:05'),
(6, '2020-09-19', 'INC-000006-2021', 3, 1, 1, '4509', 'good', 1, '780.67', '2020-09-19 09:08:39', '2020-09-19 09:08:39'),
(7, '2020-09-29', 'INC-000007-2021', 1, 1, 1, '8979', NULL, 1, '1980.78', '2020-09-19 09:09:17', '2020-09-19 09:09:17'),
(8, '2020-05-22', 'INC-000008-2021', 2, 2, 1, '8979', NULL, 1, '78650.89', '2020-09-19 09:09:55', '2020-09-19 09:09:55'),
(9, '2019-12-13', 'INC-000001-1920', 3, 2, 1, '8979', NULL, 1, '90000.00', '2020-09-19 09:10:29', '2020-09-19 09:10:29'),
(10, '2020-12-10', 'INC-000009-2021', 3, 1, 1, '8979', NULL, 1, '39940.00', '2020-09-19 09:11:05', '2020-09-19 09:11:05'),
(11, '1970-05-15', 'INC-000001-7071', 1, 2, 1, '8979', 'good', 1, '40340.00', '2020-09-19 09:11:47', '2020-09-19 09:11:47'),
(12, '1970-05-15', 'INC-000002-7071', 2, 2, 1, '8979', NULL, 1, '97899.00', '2020-09-19 09:12:05', '2020-09-19 09:12:05'),
(13, '1970-05-15', 'INC-000003-7071', 3, 2, 1, '8970', NULL, 1, '8900.00', '2020-09-19 09:12:24', '2020-09-19 09:12:24'),
(14, '1970-11-20', 'INC-000004-7071', 3, 2, 1, '8970', NULL, 1, '1200.00', '2020-09-19 09:13:10', '2020-09-19 09:13:10'),
(15, '1970-11-20', 'INC-000005-7071', 1, 2, 1, '8970', 'good', 1, '8900.00', '2020-09-19 09:13:59', '2020-09-19 09:13:59'),
(16, '2020-09-19', 'INC-000010-2021', 1, 2, 1, '54541', NULL, 1, '12506.00', '2020-09-19 09:20:04', '2020-09-19 09:20:04'),
(17, '2020-09-19', 'INC-000011-2021', 2, 1, 1, '54541', NULL, 1, '8520.00', '2020-09-19 09:20:42', '2020-09-19 09:20:42'),
(18, '2020-09-19', 'INC-000012-2021', 1, 2, 1, '54541', NULL, 1, '5454.00', '2020-09-19 09:21:00', '2020-09-19 09:21:00'),
(19, '2020-09-19', 'INC-000013-2021', 2, 2, 1, '545455', NULL, 1, '41100.00', '2020-09-19 09:21:40', '2020-09-19 09:21:40'),
(20, '2020-09-19', 'INC-000014-2021', 1, 1, 1, '545455', NULL, 1, '41852.00', '2020-09-19 09:22:00', '2020-09-19 09:22:00'),
(21, '2020-01-14', 'INC-000002-1920', 2, 2, 1, '545455', NULL, 1, '1850.00', '2020-09-19 09:22:55', '2020-09-19 09:22:55'),
(22, '2019-08-14', 'INC-000003-1920', 2, 2, 1, '545455', NULL, 1, '8200.00', '2020-09-19 09:23:17', '2020-09-19 09:23:17'),
(23, '2019-07-13', 'INC-000004-1920', 1, 1, 1, '545455', NULL, 1, '85200.00', '2020-09-19 09:23:44', '2020-09-19 09:23:44'),
(24, '2020-03-20', 'INC-000005-1920', 3, 1, 1, '5454', NULL, 1, '9633.00', '2020-09-19 09:24:10', '2020-09-19 09:24:10'),
(25, '2020-10-22', 'INC-000015-2021', 2, 1, 1, '5454', NULL, 1, '8511.00', '2020-09-19 09:24:37', '2020-09-19 09:24:37'),
(26, '2020-10-22', 'INC-000016-2021', 2, 2, 1, '5454', 'good', 1, '8930.00', '2020-09-19 09:25:04', '2020-09-19 09:25:04'),
(27, '2020-11-14', 'INC-000017-2021', 2, 2, 1, '5454', NULL, 1, '96633.00', '2020-09-19 09:25:43', '2020-09-19 09:25:43'),
(28, '2020-12-19', 'INC-000018-2021', 3, 1, 1, '5454', NULL, 1, '8250.00', '2020-09-19 09:26:48', '2020-09-19 09:26:48'),
(29, '2020-09-19', 'INC-000019-2021', 2, 1, 1, '78520', NULL, 1, '8000.38', '2020-09-19 10:48:26', '2020-09-19 10:48:26'),
(30, '2020-09-10', 'INC-000020-2021', 3, 2, 1, '7852', NULL, 1, '900.00', '2020-09-19 10:48:51', '2020-09-19 10:48:51'),
(31, '2020-11-26', 'INC-000021-2021', 2, 2, 1, '7852', NULL, 1, '8500.00', '2020-09-19 10:49:13', '2020-09-19 10:49:13'),
(32, '2020-11-26', 'INC-000022-2021', 2, 2, 1, '7850', NULL, 1, '900.85', '2020-09-19 10:49:55', '2020-09-19 10:49:55'),
(33, '2020-07-16', 'INC-000023-2021', 1, 2, 1, '78588', NULL, 1, '800.90', '2020-09-19 10:50:23', '2020-09-19 10:50:23'),
(34, '2020-07-16', 'INC-000024-2021', 2, 1, 1, '785890', NULL, 1, '8563.45', '2020-09-19 10:50:56', '2020-09-19 10:50:56'),
(35, '2020-07-16', 'INC-000025-2021', 3, 2, 1, '700052', NULL, 1, '963.78', '2020-09-19 10:51:19', '2020-09-19 10:51:19'),
(36, '2020-07-16', 'INC-000026-2021', 2, 2, 1, '700058', NULL, 1, '8536.00', '2020-09-19 10:51:42', '2020-09-19 10:51:42'),
(37, '2020-07-18', 'INC-000027-2021', 2, 1, 1, '700030', NULL, 1, '56300.38', '2020-09-19 10:52:11', '2020-09-19 10:52:11'),
(38, '2019-12-06', 'INC-000006-1920', 3, 2, 1, '700030', NULL, 1, '8785.36', '2020-09-19 10:53:00', '2020-09-19 10:53:00'),
(39, '2019-12-06', 'INC-000007-1920', 1, 2, 1, '700030', NULL, 1, '500.70', '2020-09-19 10:57:34', '2020-09-19 10:57:34'),
(40, '2019-12-06', 'INC-000008-1920', 2, 1, 1, '700030', NULL, 1, '8500.96', '2020-09-19 10:58:14', '2020-09-19 10:58:14'),
(41, '2019-12-06', 'INC-000009-1920', 2, 2, 1, '700030', NULL, 1, '960.80', '2020-09-19 10:58:33', '2020-09-19 10:58:33'),
(42, '2019-12-28', 'INC-000010-1920', 1, 2, 1, '700038', NULL, 1, '896.25', '2020-09-19 10:59:14', '2020-09-19 10:59:14'),
(43, '2019-12-15', 'INC-000011-1920', 2, 1, 1, '700038', NULL, 1, '96525.00', '2020-09-19 10:59:45', '2020-09-19 10:59:45'),
(44, '2020-04-11', 'INC-000028-2021', 3, 1, 1, '700038', NULL, 1, '9785.00', '2020-09-19 11:00:09', '2020-09-19 11:00:09'),
(45, '2020-04-23', 'INC-000029-2021', 1, 2, 1, '700090', NULL, 1, '8925.00', '2020-09-19 11:01:25', '2020-09-19 11:01:25'),
(46, '2020-04-23', 'INC-000030-2021', 2, 2, 1, '700098', NULL, 1, '8534.00', '2020-09-19 11:01:45', '2020-09-19 11:01:45'),
(47, '2020-04-23', 'INC-000031-2021', 1, 1, 1, '70008/8', NULL, 1, '2563.00', '2020-09-19 11:02:09', '2020-09-19 11:02:09'),
(48, '2020-03-12', 'INC-000012-1920', 3, 1, 1, '70008/8', NULL, 1, '5200.00', '2020-09-19 11:04:50', '2020-09-19 11:04:50'),
(49, '2020-03-21', 'INC-000013-1920', 3, 2, 1, '70008/8', NULL, 1, '9600.00', '2020-09-19 11:05:53', '2020-09-19 11:05:53'),
(50, '2020-03-28', 'INC-000014-1920', 2, 2, 1, '70008/8', NULL, 1, '85200.00', '2020-09-19 11:36:42', '2020-09-19 11:36:42'),
(51, '2020-01-20', 'INC-000015-1920', 2, 2, 1, '70008/8', NULL, 1, '6333.00', '2020-09-19 11:37:20', '2020-09-19 11:37:20'),
(52, '2020-01-02', 'INC-000016-1920', 2, 1, 1, '70008/8', NULL, 1, '89633.00', '2020-09-19 11:37:39', '2020-09-19 11:37:39'),
(53, '2019-10-02', 'INC-000017-1920', 2, 2, 1, '70008/8', NULL, 1, '850.56', '2020-09-19 11:38:08', '2020-09-19 11:38:08'),
(54, '2019-10-05', 'INC-000018-1920', 3, 2, 1, '70008/8', NULL, 1, '896.52', '2020-09-19 11:39:10', '2020-09-19 11:39:10'),
(55, '2020-01-10', 'INC-000019-1920', 3, 2, 1, '70008/6', NULL, 1, '856.00', '2020-09-19 11:39:30', '2020-09-19 11:39:30'),
(56, '2020-02-14', 'INC-000020-1920', 3, 1, 1, '70008/6', NULL, 1, '9600.00', '2020-09-19 11:40:09', '2020-09-19 11:40:09'),
(57, '2020-02-29', 'INC-000021-1920', 3, 1, 1, '70008/6', NULL, 1, '96323.00', '2020-09-19 11:40:43', '2020-09-19 11:40:43'),
(58, '2020-04-30', 'INC-000032-2021', 3, 2, 1, '70008/6', NULL, 1, '99600.00', '2020-09-19 11:41:02', '2020-09-19 11:41:02'),
(59, '2020-05-15', 'INC-000033-2021', 2, 2, 1, '70008/00', NULL, 1, '5260.00', '2020-09-19 11:41:36', '2020-09-19 11:41:36'),
(60, '2020-05-29', 'INC-000034-2021', 3, 2, 1, '70008/00', NULL, 1, '93300.00', '2020-09-19 11:42:16', '2020-09-19 11:42:16'),
(61, '2020-06-20', 'INC-000035-2021', 3, 2, 1, '70008/00', NULL, 1, '9600.00', '2020-09-19 11:42:35', '2020-09-19 11:42:35'),
(62, '2020-06-20', 'INC-000036-2021', 3, 2, 1, '70008/00', NULL, 1, '6332.00', '2020-09-19 11:43:29', '2020-09-19 11:43:29'),
(63, '2020-06-27', 'INC-000037-2021', 1, 2, 1, '70008/00', NULL, 1, '1258.00', '2020-09-19 11:43:50', '2020-09-19 11:43:50'),
(64, '2020-07-30', 'INC-000038-2021', 2, 2, 1, '70008/00', NULL, 1, '58220.00', '2020-09-19 11:44:11', '2020-09-19 11:44:11'),
(65, '2020-07-30', 'INC-000039-2021', 1, 2, 1, '70008/00', NULL, 1, '9600.00', '2020-09-19 11:44:44', '2020-09-19 11:44:44'),
(66, '2020-07-28', 'INC-000040-2021', 2, 2, 1, '70008/00', NULL, 1, '9600.25', '2020-09-19 11:45:03', '2020-09-19 11:45:03'),
(67, '2020-07-28', 'INC-000041-2021', 3, 2, 1, '70008/00', NULL, 1, '85560.00', '2020-09-19 11:45:55', '2020-09-19 11:45:55'),
(68, '2020-07-17', 'INC-000042-2021', 3, 2, 1, '70008/00', NULL, 1, '852.00', '2020-09-19 11:46:09', '2020-09-19 11:46:09'),
(69, '2020-07-12', 'INC-000043-2021', 3, 2, 1, '70008/00', NULL, 1, '8569.52', '2020-09-19 11:46:32', '2020-09-19 11:46:32'),
(70, '2020-07-08', 'INC-000044-2021', 3, 2, 1, '70008/00', NULL, 1, '963.45', '2020-09-19 11:47:24', '2020-09-19 11:47:24'),
(71, '2020-07-08', 'INC-000045-2021', 2, 2, 1, '70008/09', NULL, 1, '562.25', '2020-09-19 11:47:49', '2020-09-19 11:47:49'),
(72, '2020-09-19', 'INC-000046-2021', 3, 2, 1, '8563', NULL, 1, '78522.00', '2020-09-19 11:50:06', '2020-09-19 11:50:06'),
(73, '2020-09-10', 'INC-000047-2021', 1, 2, 1, '8563', NULL, 1, '560.00', '2020-09-19 11:50:33', '2020-09-19 11:50:33'),
(74, '2020-05-04', 'INC-000048-2021', 3, 2, 1, '8563', NULL, 1, '2588.00', '2020-09-19 11:51:26', '2020-09-19 11:51:26'),
(75, '2020-05-06', 'INC-000049-2021', 2, 2, 1, '8568', NULL, 1, '522.00', '2020-09-19 11:53:52', '2020-09-19 11:53:52'),
(76, '2020-05-30', 'INC-000050-2021', 2, 1, 1, '8568', NULL, 1, '1245.78', '2020-09-19 11:54:30', '2020-09-19 11:54:30'),
(77, '2020-05-03', 'INC-000051-2021', 3, 1, 1, '8568', NULL, 1, '500.00', '2020-09-19 11:55:17', '2020-09-19 11:55:17'),
(78, '2020-05-16', 'INC-000052-2021', 1, 2, 1, '8568', NULL, 1, '85200.00', '2020-09-19 11:55:45', '2020-09-19 11:55:45'),
(79, '2020-08-21', 'INC-000053-2021', 3, 2, 1, '8568', NULL, 1, '200.00', '2020-09-19 11:56:21', '2020-09-19 11:56:21'),
(80, '2020-08-21', 'INC-000054-2021', 3, 2, 1, '8568', NULL, 1, '6200.25', '2020-09-19 11:57:01', '2020-09-19 11:57:01'),
(81, '2020-08-12', 'INC-000055-2021', 3, 2, 1, '8565', NULL, 1, '520.00', '2020-09-19 12:00:24', '2020-09-19 12:00:24'),
(82, '2020-08-19', 'INC-000056-2021', 2, 2, 1, '8565', NULL, 1, '852.00', '2020-09-19 12:00:52', '2020-09-19 12:00:52'),
(83, '2020-08-02', 'INC-000057-2021', 3, 2, 1, '8565', NULL, 1, '5200.00', '2020-09-19 12:02:03', '2020-09-19 12:02:03'),
(84, '2020-08-22', 'INC-000058-2021', 3, 2, 1, '8565', NULL, 1, '85200.00', '2020-09-19 12:17:44', '2020-09-19 12:17:44'),
(85, '2020-09-24', 'INC-000059-2021', 1, 2, 1, '8565', NULL, 1, '9633.00', '2020-09-19 12:18:13', '2020-09-19 12:18:13'),
(86, '2020-10-31', 'INC-000060-2021', 3, 2, 1, '8565', NULL, 1, '9600.00', '2020-09-19 12:18:39', '2020-09-19 12:18:39'),
(87, '2020-12-17', 'INC-000061-2021', 3, 2, 1, '8565', NULL, 1, '200.80', '2020-09-19 12:19:01', '2020-09-19 12:19:01'),
(88, '2020-12-03', 'INC-000062-2021', 3, 2, 1, '8565', NULL, 1, '9633.00', '2020-09-19 12:19:41', '2020-09-19 12:19:41'),
(89, '2020-06-01', 'INC-000063-2021', 2, 2, 1, '8565', NULL, 1, '89663.00', '2020-09-19 12:19:57', '2020-09-19 12:19:57'),
(90, '2020-06-25', 'INC-000064-2021', 2, 2, 1, '8565', NULL, 1, '89520.00', '2020-09-19 12:20:23', '2020-09-19 12:20:23'),
(91, '2020-09-20', 'EXP-000001-2021', 7, 2, 2, '577', NULL, 1, '1000.00', '2020-09-20 00:25:12', '2020-09-20 00:25:12'),
(92, '2020-09-09', 'EXP-000002-2021', 8, 2, 2, '56789', NULL, 1, '1900.00', '2020-09-20 00:25:41', '2020-09-20 00:25:41'),
(93, '2020-08-19', 'EXP-000003-2021', 9, 1, 2, '5900', NULL, 1, '400.00', '2020-09-20 00:26:04', '2020-09-20 00:26:04'),
(94, '2020-08-22', 'EXP-000004-2021', 9, 2, 2, '78990', NULL, 1, '500.79', '2020-09-20 00:26:29', '2020-09-20 00:26:29'),
(95, '2020-08-02', 'EXP-000005-2021', 7, 2, 2, '3467', NULL, 1, '5499.00', '2020-09-20 00:26:57', '2020-09-20 00:26:57'),
(96, '2020-08-25', 'EXP-000006-2021', 7, 2, 2, '678', NULL, 1, '7800.56', '2020-09-20 00:28:24', '2020-09-20 00:28:24'),
(97, '2020-09-23', 'EXP-000007-2021', 6, 2, 2, '5699', NULL, 1, '12900.00', '2020-09-20 00:28:56', '2020-09-20 00:28:56'),
(98, '2020-10-15', 'EXP-000008-2021', 4, 1, 2, '6700', NULL, 1, '800.67', '2020-09-20 00:29:33', '2020-09-20 00:29:33'),
(99, '2020-10-24', 'EXP-000009-2021', 5, 1, 2, '400', NULL, 1, '3500.88', '2020-09-20 00:30:17', '2020-09-20 00:30:17'),
(100, '2020-12-12', 'EXP-000010-2021', 6, 2, 2, '458/2', NULL, 1, '6700.90', '2020-09-20 00:30:54', '2020-09-20 00:30:54'),
(101, '2019-07-16', 'EXP-000001-1920', 4, 1, 2, '346', NULL, 1, '78900.00', '2020-09-20 00:31:27', '2020-09-20 00:31:27'),
(102, '2019-08-08', 'EXP-000002-1920', 6, 2, 2, '569', NULL, 1, '5800.89', '2020-09-20 00:32:04', '2020-09-20 00:32:04'),
(103, '2019-10-17', 'EXP-000003-1920', 5, 2, 2, '6790', NULL, 1, '4000.00', '2020-09-20 00:32:30', '2020-09-20 00:32:30'),
(104, '2019-09-11', 'EXP-000004-1920', 7, 1, 2, '4900', NULL, 1, '5900.00', '2020-09-20 00:33:28', '2020-09-20 00:33:28'),
(105, '2019-08-14', 'EXP-000005-1920', 8, 2, 2, '7800', NULL, 1, '800.78', '2020-09-20 00:34:07', '2020-09-20 00:34:07'),
(106, '2019-09-10', 'EXP-000006-1920', 6, 2, 2, '8789', NULL, 1, '78000.00', '2020-09-20 00:34:33', '2020-09-20 00:34:33'),
(107, '2019-10-11', 'EXP-000007-1920', 8, 1, 2, '7850', NULL, 1, '8900.52', '2020-09-20 00:35:58', '2020-09-20 00:35:58'),
(108, '2019-07-09', 'EXP-000008-1920', 7, 1, 2, '8500', NULL, 1, '8700.00', '2020-09-20 00:38:19', '2020-09-20 00:38:19'),
(109, '2019-07-13', 'EXP-000009-1920', 5, 1, 2, '895/b', NULL, 1, '7800.23', '2020-09-20 00:38:57', '2020-09-20 00:38:57'),
(110, '2019-07-30', 'EXP-000010-1920', 5, 1, 2, '5200', NULL, 1, '963.20', '2020-09-20 00:39:48', '2020-09-20 00:39:48'),
(111, '2019-07-02', 'EXP-000011-1920', 7, 2, 2, '5800', NULL, 1, '96300.00', '2020-09-20 00:41:34', '2020-09-20 00:41:34'),
(112, '2019-07-27', 'EXP-000012-1920', 7, 1, 2, '7800', NULL, 1, '9830.00', '2020-09-20 00:43:16', '2020-09-20 00:43:16'),
(113, '2019-08-10', 'EXP-000013-1920', 5, 1, 2, '78', NULL, 1, '78945.50', '2020-09-20 00:43:48', '2020-09-20 00:43:48'),
(114, '2019-08-10', 'EXP-000014-1920', 6, 2, 2, '78510', NULL, 1, '9002.56', '2020-09-20 00:45:17', '2020-09-20 00:45:17'),
(115, '2019-08-11', 'EXP-000015-1920', 8, 1, 2, '450', NULL, 1, '8900.23', '2020-09-20 00:46:20', '2020-09-20 00:46:20'),
(116, '2019-08-12', 'EXP-000016-1920', 6, 2, 2, '960', NULL, 1, '1200.36', '2020-09-20 00:47:04', '2020-09-20 00:47:04'),
(117, '2019-08-13', 'EXP-000017-1920', 9, 2, 2, '5200', NULL, 1, '7800.63', '2020-09-20 00:49:02', '2020-09-20 00:49:02'),
(118, '2019-08-14', 'EXP-000018-1920', 8, 1, 2, '85', NULL, 1, '6300.00', '2020-09-20 00:49:44', '2020-09-20 00:49:44'),
(119, '2019-08-15', 'EXP-000019-1920', 5, 1, 2, '89', NULL, 1, '7500.00', '2020-09-20 00:50:24', '2020-09-20 00:50:24'),
(120, '2019-08-15', 'EXP-000020-1920', 8, 1, 2, '85', NULL, 1, '8200.00', '2020-09-20 01:04:45', '2020-09-20 01:04:45'),
(121, '2019-08-15', 'EXP-000021-1920', 7, 2, 2, '8500', NULL, 1, '7831.80', '2020-09-20 01:06:25', '2020-09-20 01:06:25'),
(122, '2019-08-15', 'EXP-000022-1920', 6, 2, 2, '734', NULL, 1, '800.56', '2020-09-20 01:07:35', '2020-09-20 01:07:35'),
(123, '2019-08-17', 'EXP-000023-1920', 9, 2, 2, '80', NULL, 1, '5200.00', '2020-09-20 01:08:41', '2020-09-20 01:08:41'),
(124, '2019-08-17', 'EXP-000024-1920', 6, 2, 2, '96', NULL, 1, '900.85', '2020-09-20 01:09:27', '2020-09-20 01:09:27'),
(125, '2020-09-20', 'EXP-000011-2021', 6, 2, 2, '10', NULL, 1, '8966.50', '2020-09-20 01:19:54', '2020-09-20 01:19:54'),
(126, '2020-09-26', 'EXP-000012-2021', 9, 1, 2, '63', NULL, 1, '96.23', '2020-09-20 01:22:08', '2020-09-20 01:22:08'),
(127, '2020-09-27', 'EXP-000013-2021', 7, 2, 2, '700', NULL, 1, '5200.45', '2020-09-20 01:22:33', '2020-09-20 01:22:33'),
(128, '2020-09-24', 'EXP-000014-2021', 4, 2, 2, '752', NULL, 1, '800.56', '2020-09-20 02:07:40', '2020-09-20 02:07:40'),
(129, '2020-09-19', 'EXP-000015-2021', 7, 2, 2, '90/4', NULL, 1, '100.78', '2020-09-20 02:08:25', '2020-09-20 02:08:25'),
(130, '2020-09-19', 'EXP-000016-2021', 8, 2, 2, '103', NULL, 1, '400.89', '2020-09-20 02:09:39', '2020-09-20 02:09:39'),
(131, '2020-09-01', 'EXP-000017-2021', 7, 1, 2, NULL, NULL, 1, '850.36', '2020-09-20 02:10:26', '2020-09-20 02:10:26'),
(132, '2020-09-01', 'EXP-000018-2021', 8, 2, 2, '582/*', NULL, 1, '1200.36', '2020-09-20 02:12:25', '2020-09-20 02:12:25'),
(133, '2020-09-12', 'EXP-000019-2021', 8, 2, 2, '520', NULL, 1, '9663.23', '2020-09-20 02:13:21', '2020-09-20 02:13:21'),
(134, '2020-09-12', 'EXP-000020-2021', 6, 1, 2, '520', NULL, 1, '1003.69', '2020-09-20 02:13:59', '2020-09-20 02:13:59'),
(135, '2020-10-07', 'EXP-000021-2021', 9, 2, 2, '14', NULL, 1, '5200.45', '2020-09-20 02:14:35', '2020-09-20 02:14:35'),
(136, '2020-11-17', 'EXP-000022-2021', 6, 2, 2, '678', NULL, 1, '8900.52', '2020-09-20 02:15:12', '2020-09-20 02:15:12'),
(137, '2020-11-28', 'EXP-000023-2021', 8, 2, 2, '55', NULL, 1, '1500.36', '2020-09-20 02:15:39', '2020-09-20 02:15:39'),
(138, '2020-11-28', 'EXP-000024-2021', 6, 2, 2, '/85', NULL, 1, '9663.52', '2020-09-20 02:16:07', '2020-09-20 02:16:07'),
(139, '2020-09-26', 'EXP-000025-2021', 9, 2, 2, '8552', NULL, 1, '25596.56', '2020-09-20 02:18:01', '2020-09-20 02:18:01'),
(140, '2020-10-14', 'EXP-000026-2021', 7, 2, 2, '85/7', NULL, 1, '56300.89', '2020-09-20 02:18:31', '2020-09-20 02:18:31'),
(141, '2020-10-31', 'EXP-000027-2021', 8, 2, 2, '1002', NULL, 1, '1005.96', '2020-09-20 02:19:00', '2020-09-20 02:19:00'),
(142, '2020-11-18', 'EXP-000028-2021', 7, 2, 2, '996', NULL, 1, '6993.25', '2020-09-20 02:19:37', '2020-09-20 02:19:37'),
(143, '2020-10-11', 'EXP-000029-2021', 4, 2, 2, '52/B', NULL, 1, '569.89', '2020-09-20 02:20:24', '2020-09-20 02:20:24'),
(144, '2020-10-07', 'EXP-000030-2021', 5, 2, 2, '852.36', NULL, 1, '6933.00', '2020-09-20 02:20:59', '2020-09-20 02:20:59'),
(145, '2020-10-28', 'EXP-000031-2021', 8, 1, 2, '785', NULL, 1, '7800.56', '2020-09-20 02:22:02', '2020-09-20 02:22:02'),
(146, '2020-11-25', 'EXP-000032-2021', 9, 2, 2, '852.20', NULL, 1, '900.56', '2020-09-20 02:22:47', '2020-09-20 02:22:47'),
(147, '2020-05-01', 'EXP-000033-2021', 9, 1, 2, '45', NULL, 1, '9663.00', '2020-09-20 02:23:19', '2020-09-20 02:23:19'),
(148, '2020-05-02', 'EXP-000034-2021', 6, 2, 2, '699', NULL, 1, '633.56', '2020-09-20 02:23:45', '2020-09-20 02:23:45'),
(149, '2020-05-03', 'EXP-000035-2021', 7, 2, 2, '785.63', NULL, 1, '1002.58', '2020-09-20 02:24:25', '2020-09-20 02:24:25'),
(150, '2020-05-03', 'EXP-000036-2021', 7, 1, 2, '855', NULL, 1, '89663.45', '2020-09-20 02:27:14', '2020-09-20 02:27:14'),
(151, '2020-05-04', 'EXP-000037-2021', 7, 2, 2, '96', NULL, 1, '800.25', '2020-09-20 02:27:56', '2020-09-20 02:27:56'),
(152, '2020-05-05', 'EXP-000038-2021', 5, 1, 2, '78', NULL, 1, '933.23', '2020-09-20 02:28:20', '2020-09-20 02:28:20'),
(153, '2020-05-06', 'EXP-000039-2021', 4, 2, 2, '82', NULL, 1, '6699.08', '2020-09-20 02:29:03', '2020-09-20 02:29:03'),
(154, '2020-05-07', 'EXP-000040-2021', 6, 2, 2, '96', NULL, 1, '822.52', '2020-09-20 02:29:36', '2020-09-20 02:29:36'),
(155, '2020-05-08', 'EXP-000041-2021', 7, 2, 2, '96', NULL, 1, '8220.50', '2020-09-20 02:30:06', '2020-09-20 02:30:06'),
(156, '2020-05-27', 'EXP-000042-2021', 7, 1, 2, '69', NULL, 1, '566.23', '2020-09-20 02:30:31', '2020-09-20 02:30:31'),
(157, '2020-09-12', 'EXP-000043-2021', 7, 2, 2, '96.U', NULL, 1, '855.29', '2020-09-20 02:31:09', '2020-09-20 02:31:09'),
(158, '2020-09-13', 'EXP-000044-2021', 4, 1, 2, '58', NULL, 1, '6993.00', '2020-09-20 02:31:39', '2020-09-20 02:31:39'),
(159, '2020-02-01', 'EXP-000025-1920', 7, 1, 2, '56', NULL, 1, '233.85', '2020-09-20 02:32:32', '2020-09-20 02:32:32'),
(160, '2020-02-02', 'EXP-000026-1920', 6, 2, 2, '58', NULL, 1, '899.30', '2020-09-20 02:34:16', '2020-09-20 02:34:16'),
(161, '2020-02-03', 'EXP-000027-1920', 8, 2, 2, '966.36', NULL, 1, '55222.50', '2020-09-20 02:34:46', '2020-09-20 02:34:46'),
(162, '2020-02-04', 'EXP-000028-1920', 6, 2, 2, '9/L', NULL, 1, '966333.52', '2020-09-20 02:35:21', '2020-09-20 02:35:21'),
(163, '2020-02-05', 'EXP-000029-1920', 6, 1, 2, '96', NULL, 1, '4445.52', '2020-09-20 02:36:02', '2020-09-20 02:36:02'),
(164, '2020-02-06', 'EXP-000030-1920', 9, 1, 2, '9/U', NULL, 1, '5220.00', '2020-09-20 02:36:46', '2020-09-20 02:36:46'),
(165, '2020-02-07', 'EXP-000031-1920', 7, 1, 2, '96', NULL, 1, '522.85', '2020-09-20 02:37:09', '2020-09-20 02:37:09'),
(166, '2019-02-08', 'EXP-000001-1819', 8, 1, 2, '50', NULL, 1, '5008.00', '2020-09-20 02:37:42', '2020-09-20 02:37:42'),
(167, '2010-02-08', 'EXP-000001-910', 8, 1, 2, '96', NULL, 1, '633.02', '2020-09-20 02:38:39', '2020-09-20 02:38:39'),
(168, '2019-02-08', 'EXP-000002-1819', 8, 1, 2, '96', NULL, 1, '522.89', '2020-09-20 02:39:05', '2020-09-20 02:39:05'),
(169, '2020-02-09', 'EXP-000032-1920', 5, 1, 2, '200', NULL, 1, '36665.89', '2020-09-20 02:39:34', '2020-09-20 02:39:34'),
(170, '2019-02-09', 'EXP-000003-1819', 5, 1, 2, '966', NULL, 1, '633.52', '2020-09-20 02:40:34', '2020-09-20 02:40:34'),
(171, '2020-03-10', 'EXP-000033-1920', 7, 2, 2, '9/0', NULL, 1, '855.20', '2020-09-20 02:41:17', '2020-09-20 02:41:17'),
(172, '2020-03-11', 'EXP-000034-1920', 7, 2, 2, '50/9', NULL, 1, '80000.00', '2020-09-20 02:42:04', '2020-09-20 02:42:04'),
(173, '1919-03-27', 'EXP-000004-1819', 6, 1, 2, '633', NULL, 1, '633.20', '2020-09-20 02:42:42', '2020-09-20 02:42:42'),
(174, '2020-03-27', 'EXP-000035-1920', 7, 1, 2, '85', NULL, 1, '855220.00', '2020-09-20 03:11:50', '2020-09-20 03:11:50'),
(175, '2020-03-08', 'EXP-000036-1920', 6, 2, 2, '85', NULL, 1, '966.36', '2020-09-20 03:12:13', '2020-09-20 03:12:13'),
(176, '2020-03-11', 'EXP-000037-1920', 6, 2, 2, '50', NULL, 1, '966.23', '2020-09-20 03:12:47', '2020-09-20 03:12:47'),
(177, '2020-03-11', 'EXP-000038-1920', 8, 1, 2, NULL, NULL, 1, '10063.00', '2020-09-20 03:13:21', '2020-09-20 03:13:21'),
(178, '2020-03-12', 'EXP-000039-1920', 4, 2, 2, '785', NULL, 1, '633.20', '2020-09-20 03:13:48', '2020-09-20 03:13:48'),
(179, '2019-03-12', 'EXP-000005-1819', 6, 2, 2, '852', NULL, 1, '9663.00', '2020-09-20 03:15:15', '2020-09-20 03:15:15'),
(180, '2020-03-13', 'EXP-000040-1920', 4, 2, 2, '12', NULL, 1, '100.85', '2020-09-20 03:15:41', '2020-09-20 03:15:41'),
(181, '2020-03-13', 'EXP-000041-1920', 8, 2, 2, '40.', NULL, 1, '89966.00', '2020-09-20 03:17:03', '2020-09-20 03:17:03'),
(182, '2020-03-14', 'EXP-000042-1920', 6, 1, 2, '55', NULL, 1, '693.85', '2020-09-20 03:17:27', '2020-09-20 03:17:27'),
(183, '2019-04-01', 'EXP-000043-1920', 7, 1, 2, '5/L', NULL, 1, '9663.96', '2020-09-20 03:19:03', '2020-09-20 03:19:03'),
(184, '2019-04-02', 'EXP-000044-1920', 6, 2, 2, '850', NULL, 1, '10025.89', '2020-09-20 03:19:32', '2020-09-20 03:19:32'),
(185, '2019-04-03', 'EXP-000045-1920', 7, 2, 2, '52', NULL, 1, '966.36', '2020-09-20 03:22:17', '2020-09-20 03:22:17'),
(186, '2020-04-03', 'EXP-000045-2021', 7, 2, 2, '45', NULL, 1, '100.85', '2020-09-20 03:22:55', '2020-09-20 03:22:55'),
(187, '2020-04-03', 'EXP-000046-2021', 5, 1, 2, '52', NULL, 1, '1025.80', '2020-09-20 03:23:46', '2020-09-20 03:23:46'),
(188, '2019-04-03', 'EXP-000046-1920', 6, 2, 2, '85', NULL, 1, '1200.85', '2020-09-20 03:24:17', '2020-09-20 03:24:17'),
(189, '2019-04-04', 'EXP-000047-1920', 6, 1, 2, '152', NULL, 1, '15220.85', '2020-09-20 03:24:55', '2020-09-20 03:24:55'),
(190, '2020-04-05', 'EXP-000047-2021', 8, 1, 2, '96', NULL, 1, '154450.89', '2020-09-20 03:25:29', '2020-09-20 03:25:29');

-- --------------------------------------------------------

--
-- Table structure for table `users`
--

CREATE TABLE `users` (
  `id` bigint UNSIGNED NOT NULL,
  `person_name` varchar(255) COLLATE utf8mb4_unicode_ci DEFAULT NULL,
  `email` varchar(255) COLLATE utf8mb4_unicode_ci NOT NULL,
  `password` varchar(255) COLLATE utf8mb4_unicode_ci NOT NULL,
  `remember_token` varchar(100) COLLATE utf8mb4_unicode_ci DEFAULT NULL,
  `mobile1` varchar(15) COLLATE utf8mb4_unicode_ci DEFAULT NULL,
  `mobile2` varchar(15) COLLATE utf8mb4_unicode_ci DEFAULT NULL,
  `person_type_id` bigint UNSIGNED NOT NULL,
  `address1` varchar(100) COLLATE utf8mb4_unicode_ci DEFAULT NULL,
  `address2` varchar(100) COLLATE utf8mb4_unicode_ci DEFAULT NULL,
  `state` varchar(50) COLLATE utf8mb4_unicode_ci DEFAULT 'West Bengal',
  `po` varchar(50) COLLATE utf8mb4_unicode_ci DEFAULT NULL,
  `area` varchar(50) COLLATE utf8mb4_unicode_ci DEFAULT NULL,
  `city` varchar(50) COLLATE utf8mb4_unicode_ci DEFAULT NULL,
  `pin` varchar(10) COLLATE utf8mb4_unicode_ci DEFAULT NULL,
  `inforced` tinyint NOT NULL DEFAULT '1',
  `created_at` timestamp NULL DEFAULT NULL,
  `updated_at` timestamp NULL DEFAULT NULL
) ENGINE=InnoDB DEFAULT CHARSET=utf8mb4 COLLATE=utf8mb4_unicode_ci;

--
-- Dumping data for table `users`
--

INSERT INTO `users` (`id`, `person_name`, `email`, `password`, `remember_token`, `mobile1`, `mobile2`, `person_type_id`, `address1`, `address2`, `state`, `po`, `area`, `city`, `pin`, `inforced`, `created_at`, `updated_at`) VALUES
(1, 'Arindam Biswas', 'arindam', '$2y$10$oz7ipSWOwnN45l8v9C5A6uQzl0WGIM3iU07ZhhQFdeC69NZpg/Tpa', NULL, '9836444999', '', 1, NULL, NULL, 'West Bengal', NULL, NULL, NULL, NULL, 1, '2020-09-19 09:02:33', '2020-09-19 09:02:33'),
(2, 'Abishek Basak', 'bangle396@gmail.com', '$2y$10$OD3820O8WqObYEu8D.Rsq.ZehMfJGDjc9lR.Y4b8P68Du.pW02/J6', NULL, '9836444451', '', 7, NULL, NULL, 'West Bengal', NULL, NULL, NULL, NULL, 1, '2020-09-19 09:02:33', '2020-09-19 09:02:33');

-- --------------------------------------------------------

--
-- Table structure for table `vouchers`
--

CREATE TABLE `vouchers` (
  `id` bigint UNSIGNED NOT NULL,
  `voucher_name` varchar(255) COLLATE utf8mb4_unicode_ci NOT NULL,
  `created_at` timestamp NULL DEFAULT NULL,
  `updated_at` timestamp NULL DEFAULT NULL
) ENGINE=InnoDB DEFAULT CHARSET=utf8mb4 COLLATE=utf8mb4_unicode_ci;

--
-- Dumping data for table `vouchers`
--

INSERT INTO `vouchers` (`id`, `voucher_name`, `created_at`, `updated_at`) VALUES
(1, 'Receipt', '2020-09-19 09:02:34', '2020-09-19 09:02:34'),
(2, 'Payment', '2020-09-19 09:02:34', '2020-09-19 09:02:34');

--
-- Indexes for dumped tables
--

--
-- Indexes for table `assets`
--
ALTER TABLE `assets`
  ADD PRIMARY KEY (`id`);

--
-- Indexes for table `custom_vouchers`
--
ALTER TABLE `custom_vouchers`
  ADD PRIMARY KEY (`id`),
  ADD UNIQUE KEY `custom_vouchers_voucher_name_accounting_year_unique` (`voucher_name`,`accounting_year`);

--
-- Indexes for table `failed_jobs`
--
ALTER TABLE `failed_jobs`
  ADD PRIMARY KEY (`id`);

--
-- Indexes for table `ledgers`
--
ALTER TABLE `ledgers`
  ADD PRIMARY KEY (`id`),
  ADD KEY `ledgers_ledger_type_id_foreign` (`ledger_type_id`);

--
-- Indexes for table `ledger_types`
--
ALTER TABLE `ledger_types`
  ADD PRIMARY KEY (`id`);

--
-- Indexes for table `migrations`
--
ALTER TABLE `migrations`
  ADD PRIMARY KEY (`id`);

--
-- Indexes for table `person_types`
--
ALTER TABLE `person_types`
  ADD PRIMARY KEY (`id`);

--
-- Indexes for table `transactions`
--
ALTER TABLE `transactions`
  ADD PRIMARY KEY (`id`),
  ADD KEY `transactions_ledger_id_foreign` (`ledger_id`),
  ADD KEY `transactions_asset_id_foreign` (`asset_id`),
  ADD KEY `transactions_voucher_id_foreign` (`voucher_id`),
  ADD KEY `transactions_user_id_foreign` (`user_id`);

--
-- Indexes for table `users`
--
ALTER TABLE `users`
  ADD PRIMARY KEY (`id`),
  ADD KEY `users_person_type_id_foreign` (`person_type_id`);

--
-- Indexes for table `vouchers`
--
ALTER TABLE `vouchers`
  ADD PRIMARY KEY (`id`);

--
-- AUTO_INCREMENT for dumped tables
--

--
-- AUTO_INCREMENT for table `assets`
--
ALTER TABLE `assets`
  MODIFY `id` bigint UNSIGNED NOT NULL AUTO_INCREMENT, AUTO_INCREMENT=3;

--
-- AUTO_INCREMENT for table `custom_vouchers`
--
ALTER TABLE `custom_vouchers`
  MODIFY `id` bigint UNSIGNED NOT NULL AUTO_INCREMENT, AUTO_INCREMENT=8;

--
-- AUTO_INCREMENT for table `failed_jobs`
--
ALTER TABLE `failed_jobs`
  MODIFY `id` bigint UNSIGNED NOT NULL AUTO_INCREMENT;

--
-- AUTO_INCREMENT for table `ledgers`
--
ALTER TABLE `ledgers`
  MODIFY `id` bigint UNSIGNED NOT NULL AUTO_INCREMENT, AUTO_INCREMENT=11;

--
-- AUTO_INCREMENT for table `ledger_types`
--
ALTER TABLE `ledger_types`
  MODIFY `id` bigint UNSIGNED NOT NULL AUTO_INCREMENT, AUTO_INCREMENT=3;

--
-- AUTO_INCREMENT for table `migrations`
--
ALTER TABLE `migrations`
  MODIFY `id` int UNSIGNED NOT NULL AUTO_INCREMENT, AUTO_INCREMENT=10;

--
-- AUTO_INCREMENT for table `person_types`
--
ALTER TABLE `person_types`
  MODIFY `id` bigint UNSIGNED NOT NULL AUTO_INCREMENT, AUTO_INCREMENT=12;

--
-- AUTO_INCREMENT for table `transactions`
--
ALTER TABLE `transactions`
  MODIFY `id` bigint UNSIGNED NOT NULL AUTO_INCREMENT, AUTO_INCREMENT=191;

--
-- AUTO_INCREMENT for table `users`
--
ALTER TABLE `users`
  MODIFY `id` bigint UNSIGNED NOT NULL AUTO_INCREMENT, AUTO_INCREMENT=3;

--
-- AUTO_INCREMENT for table `vouchers`
--
ALTER TABLE `vouchers`
  MODIFY `id` bigint UNSIGNED NOT NULL AUTO_INCREMENT, AUTO_INCREMENT=3;

--
-- Constraints for dumped tables
--

--
-- Constraints for table `ledgers`
--
ALTER TABLE `ledgers`
  ADD CONSTRAINT `ledgers_ledger_type_id_foreign` FOREIGN KEY (`ledger_type_id`) REFERENCES `ledger_types` (`id`);

--
-- Constraints for table `transactions`
--
ALTER TABLE `transactions`
  ADD CONSTRAINT `transactions_asset_id_foreign` FOREIGN KEY (`asset_id`) REFERENCES `assets` (`id`),
  ADD CONSTRAINT `transactions_ledger_id_foreign` FOREIGN KEY (`ledger_id`) REFERENCES `ledgers` (`id`),
  ADD CONSTRAINT `transactions_user_id_foreign` FOREIGN KEY (`user_id`) REFERENCES `users` (`id`),
  ADD CONSTRAINT `transactions_voucher_id_foreign` FOREIGN KEY (`voucher_id`) REFERENCES `vouchers` (`id`);

--
-- Constraints for table `users`
--
ALTER TABLE `users`
  ADD CONSTRAINT `users_person_type_id_foreign` FOREIGN KEY (`person_type_id`) REFERENCES `person_types` (`id`);
COMMIT;

/*!40101 SET CHARACTER_SET_CLIENT=@OLD_CHARACTER_SET_CLIENT */;
/*!40101 SET CHARACTER_SET_RESULTS=@OLD_CHARACTER_SET_RESULTS */;
/*!40101 SET COLLATION_CONNECTION=@OLD_COLLATION_CONNECTION */;
